Sex and Kink,Abuse,Abandoned
69,Aching,Accomplished
Age-Play,Ample,Adored
Anal Sex,Aroused,Anger
Ball Stretching,Ass,Animalistic
Being Filmed/Photographed,Asshole,Ashamed
Being Watched,Babe,Bad
Biting,Baby,Belonging
Blindfolds,Baby,Big
Blood Play,Baby Girl/Boy,Catharsis
Bondage,Balls,Cherished
Boot-blacking,Bang,Clever
Bratting,Bang,Coerced
Breath Play,Beat,Competent
Butt Plugs,Beautiful,Connected
Cages/Confinement,Beg,Corrupted
Caning,Bitch,Defeated
Chastity,Bite,Desired
Cock Rings,Bits,Dirty
Cock/Pussy Worship,Blowjob,Disrespected
Collars,Blush,Dutiful
Consensual Non-Consent,Blush,Embarrassed
Costumes,Bone/Boner,Encouraged
Cross Dressing,Boobs,Euphoric
Cuckolding,Booty,Fear
Cuddling,Bottom,Feelings
Cunnilingus,Boy/Boi,Focused
Degradation,Brat,Forced
Dirty Talk,Breasts,Forgiveness
Domination,Bruise,Free
Double Penetration,Bulge,Good
E-Stim,Butt,Helplessness
Edging,Button,Humiliation
Ejaculate,Choke,Humility
Enemas,Clit,Idolized
Eye Contact,Clitoris,Impressed
Eye Contact (Restricted),Cock,Infantilized
Face Fucking,Cock,Innocent
Face Sitting,Cock Sucking,Loss of Control
Fellatio,Cum,Loved
Fingering (Anal),Cum Dumpster,Lust
Fingering (Vaginal),Cum Slut,Mean
Fisting (Anal),Cunnilingus,Neediness
Fisting (Vaginal),Cunt,Nurturing
Flogging,Daddy,Objectified
Food Play,Darling,Open
Foot Play,Destroy,Out of Control
Frottage,Dick,Overpowered
Furries,Dirty,Overwhelmed
G-Spot,Disappointment,Owned
Gags,Disgusting,Passivity
Gender Play,Down There,Pathos
Genital Torture,Dripping,Perverted
Group Sex,Eating Out,Pity
Hair Pulling,Embarrassed,Powerful
Hoods,Face Fuck,Protected
Humiliation,Faggot,Punished
Incest Roleplay,Fap,Rebellious
Kicking,Fellatio,Rebellious
Kidnapping Roleplay,Filthy,Redeemed
Kissing,Finger,Redemption
Knife Play,Finger Bang,Resentment
Leather,Finger Fuck,Resentment
Lingerie,Freak,Respected
Massage,Fuck,Sadistic
Medical Play,Fuck,Sadness
Moans,Fucking,Safe
Mutual Masturbation,Gag,Satiated
Nipple Clamps,Giggle,Served
Nipple Play,Girl,Sexy
Nipple Torture,Goddess,Small
Pain (Mild),Gorgeous,Special
Pain (Moderate),Grab,Strong
Pain (Severe),Groan,Submissive
Pegging,Hairy,Subservient
Phone Sex,Hard/Hard On,Trust
Piercing,Hole,Used
Piss Play,Honey,Useful
Porn,Horny,Victimized
Power Exchange,Hot,Violated
Prostate Play,Intense,Wanted
Punching,Jerk,Worshiped
Punishment,Jiz,Worthless
Race Play,Jugs,Wrong
Riding Crops,Juicy,
Rimming,Junk,
Roleplay,Kitten,
Rubber/Latex Clothing,Language,
Scat,Little One,
Scratching,Masturbate,
Sensory Deprivation,Mister,
Service,Mouth,
Sex During Menstruation,On,
Sex in Public,Pathetic,
Sex Magic,Pink,
Sex Parties,Princess,
Sex Toys,Pussy,
Sexting,Rump,
Shaving,Scratch,
Slapping,Shiver,
Smoking (420),Skank,
Smoking (Cigarettes),Slide,
Spanking,Slut,
Sploshing,Snatch,
Spreader Bars,Spit,
Strap Ons,Suck,
Strip Clubs,Sucking,
Submission,Sucking,
Suspension,Teeth,
Swallowing Ejaculate,Toy,
Tantra,Toy,
Teasing,Vag,
Temporary Marks,Wad,
Threesome,Wet,
Tickling,,
Tit-Fucking,,
Tribadism,,
Triple Penetration,,
Vaginal Penetration,,
Watching Others,,
Wax,,
Whips,,
Wrestling,,
