Sex and Kink,Language,Feelings
69,Abuse,Abandoned
Age-Play,Aching,Accomplished
Anal Sex,Ample,Adored
Ball Stretching,Aroused,Anger
Being Filmed/Photographed,Ass,Animalistic
Being Watched,Asshole,Ashamed
Biting,Babe,Bad
Blindfolds,Baby,Belonging
Blood Play,Baby,Big
Bondage,Baby Girl/Boy,Catharsis
Boot-blacking,Balls,Cherished
Bratting,Bang,Clever
Breath Play,Bang,Coerced
Butt Plugs,Beat,Competent
Cages/Confinement,Beautiful,Connected
Caning,Beg,Corrupted
Chastity,Bitch,Defeated
Cock Rings,Bite,Desired
Cock/Pussy Worship,Bits,Dirty
Collars,Blowjob,Disrespected
Consensual Non-Consent,Blush,Dutiful
Costumes,Blush,Embarrassed
Cross Dressing,Bone/Boner,Encouraged
Cuckolding,Boobs,Euphoric
Cuddling,Booty,Fear
Cunnilingus,Bottom,Focused
Degradation,Boy/Boi,Forced
Dirty Talk,Brat,Forgiveness
Domination,Breasts,Free
Double Penetration,Bruise,Good
E-Stim,Bulge,Helplessness
Edging,Butt,Humiliation
Ejaculate,Button,Humility
Enemas,Choke,Idolized
Eye Contact,Clit,Impressed
Eye Contact (Restricted),Clitoris,Infantilized
Face Fucking,Cock,Innocent
Face Sitting,Cock,Loss of Control
Fellatio,Cock Sucking,Loved
Fingering (Anal),Cum,Lust
Fingering (Vaginal),Cum Dumpster,Mean
Fisting (Anal),Cum Slut,Neediness
Fisting (Vaginal),Cunnilingus,Nurturing
Flogging,Cunt,Objectified
Food Play,Daddy,Open
Foot Play,Darling,Out of Control
Frottage,Destroy,Overpowered
Furries,Dick,Overwhelmed
G-Spot,Dirty,Owned
Gags,Disappointment,Passivity
Gender Play,Disgusting,Pathos
Genital Torture,Down There,Perverted
Group Sex,Dripping,Pity
Hair Pulling,Eating Out,Powerful
Hoods,Embarrassed,Protected
Humiliation,Face Fuck,Punished
Incest Roleplay,Faggot,Rebellious
Kicking,Fap,Rebellious
Kidnapping Roleplay,Fellatio,Redeemed
Kissing,Filthy,Redemption
Knife Play,Finger,Resentment
Leather,Finger Bang,Resentment
Lingerie,Finger Fuck,Respected
Massage,Freak,Sadistic
Medical Play,Fuck,Sadness
Moans,Fuck,Safe
Mutual Masturbation,Fucking,Satiated
Nipple Clamps,Gag,Served
Nipple Play,Giggle,Sexy
Nipple Torture,Girl,Small
Pain (Mild),Goddess,Special
Pain (Moderate),Gorgeous,Strong
Pain (Severe),Grab,Submissive
Pegging,Groan,Subservient
Phone Sex,Hairy,Trust
Piercing,Hard/Hard On,Used
Piss Play,Hole,Useful
Porn,Honey,Victimized
Power Exchange,Horny,Violated
Prostate Play,Hot,Wanted
Punching,Intense,Worshiped
Punishment,Jerk,Worthless
Race Play,Jiz,Wrong
Riding Crops,Jugs,
Rimming,Juicy,
Roleplay,Junk,
Rubber/Latex Clothing,Kitten,
Scat,Little One,
Scratching,Masturbate,
Sensory Deprivation,Mister,
Service,Mouth,
Sex During Menstruation,On,
Sex in Public,Pathetic,
Sex Magic,Pink,
Sex Parties,Princess,
Sex Toys,Pussy,
Sexting,Rump,
Shaving,Scratch,
Slapping,Shiver,
Smoking (420),Skank,
Smoking (Cigarettes),Slide,
Spanking,Slut,
Sploshing,Snatch,
Spreader Bars,Spit,
Strap Ons,Suck,
Strip Clubs,Sucking,
Submission,Sucking,
Suspension,Teeth,
Swallowing Ejaculate,Toy,
Tantra,Toy,
Teasing,Vag,
Temporary Marks,Wad,
Threesome,Wet,
Tickling,,
Tit-Fucking,,
Tribadism,,
Triple Penetration,,
Vaginal Penetration,,
Watching Others,,
Wax,,
Whips,,
Wrestling,,
