69,,,,,,,,
Age-Play,,,,,,,,
Anal Sex,,,,,,,,
Rimming,,,,,,,,
Ball Stretching,,,,,,,,
Being Filmed/Photographed,,,,,,,,
Being Watched,,,,,,,,
Biting,,,,,,,,
Blindfolds,,,,,,,,
Blood Play,,,,,,,,
Bondage,,,,,,,,
Boot-blacking,,,,,,,,
Bratting,,,,,,,,
Breath Play,,,,,,,,
Butt Plugs,,,,,,,,
Cages/Confinement,,,,,,,,
Caning,,,,,,,,
Chastity,,,,,,,,
Cock/Pussy Worship,,,,,,,,
Cock Rings,,,,,,,,
Collars,,,,,,,,
Consensual Non-Consent,,,,,,,,
Costumes,,,,,,,,
Cross Dressing,,,,,,,,
Cuckolding,,,,,,,,
Cuddling,,,,,,,,
Cunnilingus,,,,,,,,
Degradation,,,,,,,,
Dirty Talk,,,,,,,,
Domination,,,,,,,,
Double Penetration,,,,,,,,
E-Stim,,,,,,,,
Edging,,,,,,,,
Ejaculate,,,,,,,,
Enemas,,,,,,,,
Eye Contact,,,,,,,,
Eye Contact (Restricted),,,,,,,,
Face Fucking,,,,,,,,
Face Sitting,,,,,,,,
Fellatio,,,,,,,,
Fingering (Anal),,,,,,,,
Fingering (Vaginal),,,,,,,,
Fisting (Anal),,,,,,,,
Fisting (Vaginal),,,,,,,,
Flogging,,,,,,,,
Food Play,,,,,,,,
Foot Play,,,,,,,,
Frottage,,,,,,,,
Furries,,,,,,,,
G-Spot,,,,,,,,
Gags,,,,,,,,
Gender Play,,,,,,,,
Genital Torture,,,,,,,,
Group Sex,,,,,,,,
Hair Pulling,,,,,,,,
Hoods,,,,,,,,
Humiliation,,,,,,,,
Incest Roleplay,,,,,,,,
Kicking,,,,,,,,
Kidnapping Roleplay,,,,,,,,
Kissing,,,,,,,,
Knife Play,,,,,,,,
Leather,,,,,,,,
Lingerie,,,,,,,,
Massage,,,,,,,,
Medical Play,,,,,,,,
Moans,,,,,,,,
Mutual Masturbation,,,,,,,,
Nipple Clamps,,,,,,,,
Nipple Play,,,,,,,,
Nipple Torture,,,,,,,,
Pain (Mild),,,,,,,,
Pain (Moderate),,,,,,,,
Pain (Severe),,,,,,,,
Pegging,,,,,,,,
Piercing,,,,,,,,
Phone Sex,,,,,,,,
Piss Play,,,,,,,,
Porn,,,,,,,,
Power Exchange,,,,,,,,
Prostate Play,,,,,,,,
Punching,,,,,,,,
Punishment,,,,,,,,
Race Play,,,,,,,,
Riding Crops,,,,,,,,
Roleplay,,,,,,,,
Rubber/Latex Clothing,,,,,,,,
Scat,,,,,,,,
Scratching,,,,,,,,
Sensory Deprivation,,,,,,,,
Service,,,,,,,,
Sex During Menstruation,,,,,,,,
Sex in Public,,,,,,,,
Sex Magic,,,,,,,,
Sex Parties,,,,,,,,
Sex Toys,,,,,,,,
Sexting,,,,,,,,
Shaving,,,,,,,,
Slapping,,,,,,,,
Smoking (Cigarettes),,,,,,,,
Smoking (420),,,,,,,,
Spanking,,,,,,,,
Sploshing,,,,,,,,
Spreader Bars,,,,,,,,
Strap Ons,,,,,,,,
Strip Clubs,,,,,,,,
Submission,,,,,,,,
Suspension,,,,,,,,
Swallowing Ejaculate,,,,,,,,
Tantra,,,,,,,,
Teasing,,,,,,,,
Temporary Marks,,,,,,,,
Threesome,,,,,,,,
Tickling,,,,,,,,
Tit-Fucking,,,,,,,,
Tribadism,,,,,,,,
Triple Penetration,,,,,,,,
Vaginal Penetration,,,,,,,,
Watching Others,,,,,,,,
Wax,,,,,,,,
Whips,,,,,,,,
Wrestling,,,,,,,,